{"labels": [1, 1, 0, 1, 1, 0, 0, 0, 1, 0, 1, 0], "scores": [0.882303774356842, 0.78647381067276, 0.692509114742279, 0.5304005742073059, 0.28753599524497986, 0.18040211498737335, 0.1118675172328949, 0.08887744694948196, 0.08360516279935837, 0.07277137041091919, 0.0690421536564827, 0.05807521939277649], "bboxes": [[35.64115524291992, 371.4888916015625, 140.68821716308594, 388.83734130859375], [143.2541046142578, 366.4052734375, 269.1270751953125, 381.9241027832031], [0.0, 414.0171813964844, 71.61797332763672, 450.8291320800781], [0.8273144364356995, 415.7248229980469, 65.8185043334961, 451.3870849609375], [244.05984497070312, 371.83740234375, 283.9460754394531, 381.48834228515625], [248.92335510253906, 349.0, 293.1361999511719, 511.94476318359375], [243.28399658203125, 355.3761901855469, 255.4464569091797, 371.602294921875], [245.18673706054688, 455.17083740234375, 268.9432067871094, 511.8157653808594], [36.238162994384766, 366.3690490722656, 232.80479431152344, 392.2449951171875], [259.4049377441406, 355.99530029296875, 282.9310302734375, 474.234375], [57.872596740722656, 361.4871520996094, 267.7295227050781, 385.5201721191406], [0.3604760766029358, 406.9931945800781, 65.12434387207031, 477.9538269042969]]}